{"imdb1": 191, "imdb2": 10}{"weather": 68.0, "weather_2": 21.872500000000016}{"weather": 72.5, "weather_2": 20.91425000000002}{"weather": 71.33333333333333, "weather_2": 22.025833333333352}{"weather": 72.0, "weather_2": 15.96787500000002}{"weather": 76.2, "weather_2": 14.419600000000024}{"yelp": {"Dallas": 4.3}, "yelp_2": {"Dallas": 1.9}}{"yelp": {"Dallas": 4.3}, "yelp_2": {"Dallas": 1.9}}{"yelp": {"Dallas": 4.3, "Austin": 4.361111111111111}, "yelp_2": {"Dallas": 1.9, "Austin": 2.0}}{"yelp": {"Dallas": 4.3, "Austin": 4.361111111111111}, "yelp_2": {"Dallas": 1.9, "Austin": 2.0}}{"yelp": {"Dallas": 4.3, "Austin": 4.361111111111111, "Houston": 4.411764705882353}, "yelp_2": {"Dallas": 1.9, "Austin": 2.0, "Houston": 2.176470588235294}}{"yelp": {"Dallas": 4.3, "Austin": 4.361111111111111, "Houston": 4.411764705882353}, "yelp_2": {"Dallas": 1.9, "Austin": 2.0, "Houston": 2.176470588235294}}{"yelp": {"Dallas": 4.3, "Austin": 4.361111111111111, "Houston": 4.411764705882353, "Denver": 4.325}, "yelp_2": {"Dallas": 1.9, "Austin": 2.0, "Houston": 2.176470588235294, "Denver": 2.05}}{"yelp": {"Dallas": 4.3, "Austin": 4.361111111111111, "Houston": 4.411764705882353, "Denver": 4.325}, "yelp_2": {"Dallas": 1.9, "Austin": 2.0, "Houston": 2.176470588235294, "Denver": 2.05}}{"yelp": {"Dallas": 4.3, "Austin": 4.361111111111111, "Houston": 4.411764705882353, "Denver": 4.325, "Ann Arbor": 4.225}, "yelp_2": {"Dallas": 1.9, "Austin": 2.0, "Houston": 2.176470588235294, "Denver": 2.05, "Ann Arbor": 1.9}}{"yelp": {"Dallas": 4.3, "Austin": 4.361111111111111, "Houston": 4.411764705882353, "Denver": 4.325, "Ann Arbor": 4.225}, "yelp_2": {"Dallas": 1.9, "Austin": 2.0, "Houston": 2.176470588235294, "Denver": 2.05, "Ann Arbor": 1.9}}{"yelp": {"Dallas": 4.3, "Austin": 4.361111111111111, "Houston": 4.411764705882353, "Denver": 4.325, "Ann Arbor": 4.225, "Chicago": 4.25}, "yelp_2": {"Dallas": 1.9, "Austin": 2.0, "Houston": 2.176470588235294, "Denver": 2.05, "Ann Arbor": 1.9, "Chicago": 2.2}}{"yelp": {"Dallas": 4.3, "Austin": 4.361111111111111, "Houston": 4.411764705882353, "Denver": 4.325, "Ann Arbor": 4.225, "Chicago": 4.25}, "yelp_2": {"Dallas": 1.9, "Austin": 2.0, "Houston": 2.176470588235294, "Denver": 2.05, "Ann Arbor": 1.9, "Chicago": 2.2}}