{"yelp": {"Dallas": 4.3, "Austin": 4.361111111111111, "Houston": 4.411764705882353, "Denver": 4.325, "Ann Arbor": 4.225, "Chicago": 4.25}, "yelp_2": {"Dallas": 1.9, "Austin": 2.0, "Houston": 2.176470588235294, "Denver": 2.05, "Ann Arbor": 1.9, "Chicago": 2.2}}